season,event,event_date,round,school,class,total,note,source,class_place
2026,DCMI Marching Festival,2026-10-03,Finals,D'Evelyn HS,3A,67.7,,manual,1
2026,Lakewood Marching Festival,2026-10-03,Finals,Windsor HS,3A,64.8,,manual,2
2026,Lakewood Marching Festival,2026-10-03,Prelims,Evergreen HS,3A,64.6,,manual,3
2026,Lakewood Marching Festival,2026-10-03,Finals,Standley Lake HS,3A,63.95,,manual,3
2026,Colorado West Festival,2026-09-26,Finals,Palisade HS,3A,61.5,,manual,1
2026,Lakewood Marching Festival,2026-10-03,Finals,Conifer HS,3A,55.7,,manual,4
2026,Legend Marching Festival,2026-09-19,Prelims,Green Mountain HS,3A,53.65,,manual,3
2026,Legacy Marching Festival,2026-09-26,Prelims,Harrison HS,3A,53.3,,manual,3
2026,Legend Marching Festival,2026-09-19,Prelims,Pueblo Central,3A,48.6,,manual,4
