season,event,event_date,round,school,class,total,note
2026,Legend Marching Festival,2026-09-19,Prelims,Standley Lake HS,3A,57.400,
2026,Legend Marching Festival,2026-09-19,Prelims,Evergreen HS,3A,55.400,
2026,Legend Marching Festival,2026-09-19,Prelims,Green Mountain HS,3A,53.650,
2026,Legend Marching Festival,2026-09-19,Prelims,Pueblo Central,3A,48.600,
2026,Legacy Marching Festival,2026-09-26,Prelims,D'Evelyn HS,3A,58.250,
2026,Legacy Marching Festival,2026-09-26,Prelims,Harrison HS,3A,53.300,
2026,Colorado West Festival,2026-09-26,Prelims,Palisade HS,3A,62.050,
2026,Colorado West Festival,2026-09-26,Finals,Palisade HS,3A,61.500,
2025,Fossil Ridge Marching Festival,2025-09-20,Prelims,Windsor HS,3A,59.350,
2025,Legend Marching Invitational,2025-09-20,Prelims,Pueblo County HS,3A,66.600,
2025,Legend Marching Invitational,2025-09-20,Prelims,Green Mountain HS,3A,55.625,
2025,Legacy Marching Festival,2025-09-27,Prelims,D'Evelyn HS,3A,63.900,
2025,Legacy Marching Festival,2025-09-27,Prelims,Evergreen HS,3A,61.200,
2025,Legacy Marching Festival,2025-09-27,Prelims,Harrison HS,3A,56.700,
2025,Colorado West Festival,2025-09-27,Prelims,Palisade HS,3A,61.750,
2025,Big Cat Marching Festival,2025-10-04,Prelims,Windsor HS,3A,68.150,
2025,Big Cat Marching Festival,2025-10-04,Prelims,Standley Lake HS,3A,64.300,
2025,Big Cat Marching Festival,2025-10-04,Prelims,Evergreen HS,3A,58.900,
2025,Douglas County Invitational,2025-10-04,Prelims,D'Evelyn HS,3A,68.850,
2025,Douglas County Invitational,2025-10-04,Prelims,Green Mountain HS,3A,57.250,
2025,Harrison Invitational,2025-10-11,Prelims,Canon City HS,3A,62.250,
2025,Harrison Invitational,2025-10-11,Prelims,Pueblo Central,3A,57.650,
2025,Metro 2A-4A Regional,2025-10-14,Regional,D'Evelyn HS,3A,69.800,
2025,Metro 2A-4A Regional,2025-10-14,Regional,Standley Lake HS,3A,68.850,
2025,Metro 2A-4A Regional,2025-10-14,Regional,Evergreen HS,3A,64.650,
2025,Metro 2A-4A Regional,2025-10-14,Regional,Green Mountain HS,3A,60.650,
2025,Metro 2A-4A Regional,2025-10-14,Regional,Wheat Ridge HS,3A,57.350,
2025,Southern Regional,2025-10-15,Regional,Pueblo County HS,3A,70.550,
2025,Southern Regional,2025-10-15,Regional,Harrison HS,3A,64.800,
2025,Southern Regional,2025-10-15,Regional,Canon City HS,3A,63.350,
2025,Southern Regional,2025-10-15,Regional,Pueblo Central,3A,57.100,
2025,Southern Regional,2025-10-15,Regional,Pueblo East HS,3A,49.200,
2025,Western Regional,2025-10-16,Regional,Palisade HS,3A,67.400,
2025,CBA State 3A Semifinals,2025-10-27,State Semifinals,Pueblo County HS,3A,74.750,
2025,CBA State 3A Semifinals,2025-10-27,State Semifinals,D'Evelyn HS,3A,73.500,
2025,CBA State 3A Semifinals,2025-10-27,State Semifinals,Windsor HS,3A,72.300,
2025,CBA State 3A Semifinals,2025-10-27,State Semifinals,Palisade HS,3A,70.900,
2025,CBA State 3A Semifinals,2025-10-27,State Semifinals,Standley Lake HS,3A,68.300,
2025,CBA State 3A Semifinals,2025-10-27,State Semifinals,Evergreen HS,3A,66.650,
2025,CBA State 3A Semifinals,2025-10-27,State Semifinals,Harrison HS,3A,64.400,
2025,CBA State 3A Semifinals,2025-10-27,State Semifinals,Canon City HS,3A,63.400,
2025,CBA State 3A Semifinals,2025-10-27,State Semifinals,Green Mountain HS,3A,61.050,
2025,CBA State 3A Semifinals,2025-10-27,State Semifinals,Wheat Ridge HS,3A,57.300,
2025,CBA State 1A-2A-3A Finals,2025-10-27,State Finals,Pueblo County HS,3A,76.550,
2025,CBA State 1A-2A-3A Finals,2025-10-27,State Finals,D'Evelyn HS,3A,75.400,
2025,CBA State 1A-2A-3A Finals,2025-10-27,State Finals,Windsor HS,3A,74.100,
2025,CBA State 1A-2A-3A Finals,2025-10-27,State Finals,Palisade HS,3A,72.050,
2024,CBA North Regional,2024-10-14,Regional,Windsor HS,3A,66.450,
2024,CBA North Regional,2024-10-14,Regional,Roosevelt HS,3A,55.600,
2024,CBA Southern Regional,2024-10-16,Regional,Pueblo County HS,3A,73.950,
2024,CBA Southern Regional,2024-10-16,Regional,Canon City HS,3A,61.000,
2024,CBA Southern Regional,2024-10-16,Regional,Harrison HS,3A,58.350,
2024,CBA Southern Regional,2024-10-16,Regional,Pueblo Central,3A,51.750,
2024,CBA Southern Regional,2024-10-16,Regional,Pueblo East HS,3A,51.300,
2024,CBA Southern Regional,2024-10-16,Regional,Pueblo South HS,3A,47.650,
2024,CBA West Regional,2024-10-17,Regional,Palisade HS,3A,60.700,
2024,CBA State 3A Semifinals,2024-10-28,State Semifinals,D'Evelyn HS,3A,78.700,
2024,CBA State 3A Semifinals,2024-10-28,State Semifinals,Littleton HS,3A,78.050,
2024,CBA State 3A Semifinals,2024-10-28,State Semifinals,Pueblo County HS,3A,77.000,
2024,CBA State 3A Semifinals,2024-10-28,State Semifinals,Windsor HS,3A,72.700,
2024,CBA State 3A Semifinals,2024-10-28,State Semifinals,Evergreen HS,3A,72.350,
2024,CBA State 3A Semifinals,2024-10-28,State Semifinals,Palisade HS,3A,67.850,
2024,CBA State 3A Semifinals,2024-10-28,State Semifinals,Standley Lake HS,3A,66.950,
2024,CBA State 3A Semifinals,2024-10-28,State Semifinals,Canon City HS,3A,65.900,
2024,CBA State 3A Semifinals,2024-10-28,State Semifinals,Green Mountain HS,3A,61.450,
2024,CBA State 3A Semifinals,2024-10-28,State Semifinals,Harrison HS,3A,61.000,
2024,CBA State 3A Semifinals,2024-10-28,State Semifinals,Roosevelt HS,3A,58.250,
2024,CBA State 1A-2A-3A Finals,2024-10-28,State Finals,D'Evelyn HS,3A,78.650,
2024,CBA State 1A-2A-3A Finals,2024-10-28,State Finals,Littleton HS,3A,77.800,
2024,CBA State 1A-2A-3A Finals,2024-10-28,State Finals,Pueblo County HS,3A,76.700,
2024,CBA State 1A-2A-3A Finals,2024-10-28,State Finals,Windsor HS,3A,74.050,
2026,Lakewood Marching Festival,2026-10-03,Prelims,Windsor HS,3A,65.100,
2026,Lakewood Marching Festival,2026-10-03,Prelims,Evergreen HS,3A,64.600,
2026,Lakewood Marching Festival,2026-10-03,Prelims,Standley Lake HS,3A,64.250,
2026,Lakewood Marching Festival,2026-10-03,Prelims,Conifer HS,3A,54.550,
2026,Lakewood Marching Festival,2026-10-03,Finals,Windsor HS,3A,64.800,
2026,Lakewood Marching Festival,2026-10-03,Finals,Standley Lake HS,3A,63.950,
2026,Lakewood Marching Festival,2026-10-03,Finals,Conifer HS,3A,55.700,
2026,DCMI Marching Festival,2026-10-03,Prelims,D'Evelyn HS,3A,66.050,
2026,DCMI Marching Festival,2026-10-03,Finals,D'Evelyn HS,3A,67.700,
