pdf_url,season,section,label,status,rows,event,event_date,checked_at
https://www.coloradomarching.org/_files/ugd/83f67e_7031922c9f6d47abaa976826cc00ad7c.pdf,2026,2026 Sanctioned Shows,Legend By Class,parsed,23,Legend Marching Festival,2026-09-19,2026-10-09T19:12:06
https://www.coloradomarching.org/_files/ugd/83f67e_3075d059877545419ac303afc65cbb71.pdf,2026,2026 Sanctioned Shows,Legend Full Recap,parsed,0,Legend Marching Festival,2026-09-19,2026-10-09T19:12:06
https://www.coloradomarching.org/_files/ugd/83f67e_91014ccf9bc04b5d95ec6afbe4b8da66.pdf,2026,2026 Sanctioned Shows,Legacy Prelim,parsed,25,Legacy Marching Festival,2026-09-26,2026-10-09T19:12:06
https://www.coloradomarching.org/_files/ugd/83f67e_ff7d8d9afc464affb37a4ae4ba32ca97.pdf,2026,2026 Sanctioned Shows,Legacy Finals,parsed,12,Legacy Marching Festival,2026-09-26,2026-10-09T19:12:06
https://www.coloradomarching.org/_files/ugd/83f67e_6e81bdd4688447e3a05fae2023551fc8.pdf,2026,2026 Sanctioned Shows,Colorado West Prelim,parsed,12,Colorado West Festival,2026-09-26,2026-10-09T19:12:06
https://www.coloradomarching.org/_files/ugd/83f67e_8d9f7664ac294c5a8646f40405728395.pdf,2026,2026 Sanctioned Shows,Colorado West Finals,parsed,11,Colorado West Festival,2026-09-26,2026-10-09T19:12:06
https://www.coloradomarching.org/_files/ugd/83f67e_90c1c45740d74a95b5d279367861bc8e.pdf,2026,2026 Sanctioned Shows,Lakewood Prelims,parsed,21,Lakewood Marching Festival,2026-10-03,2026-10-09T19:12:06
https://www.coloradomarching.org/_files/ugd/83f67e_72099b739cdb4f4b9afa11e38bf417f4.pdf,2026,2026 Sanctioned Shows,Lakewood Finals,parsed,12,Lakewood Marching Festival,2026-10-03,2026-10-09T19:12:06
https://www.coloradomarching.org/_files/ugd/83f67e_8bee4ef54f9147d0bbbf985c424d8449.pdf,2026,2026 Sanctioned Shows,DCMI Prelims,parsed,17,DCMI Marching Festival,2026-10-03,2026-10-09T19:12:06
https://www.coloradomarching.org/_files/ugd/83f67e_4b4eee9fd77445bea6bec595e4005414.pdf,2026,2026 Sanctioned Shows,DCMI Finals,parsed,12,DCMI Marching Festival,2026-10-03,2026-10-09T19:12:06
