school,region,basis,last_score,last_event,last_date,proj_semis,proj_sd,p_state,p_finals,p_first,median_semis_rank,p_state_if_one_fewer_spot
Pueblo County HS,Southern,last season,,,,73.39392631619926,3.7899678098896827,0.99945,0.9125,0.5853,1.0,0.9986
Windsor HS,Northern,this season,64.8,Lakewood Marching Festival,2026-10-03,70.264,2.4724,0.99935,0.7786,0.13925,3.0,0.9975
D'Evelyn HS,Metro,this season,67.7,DCMI Marching Festival,2026-10-03,69.99093431152954,2.4724,0.99955,0.7498,0.1287,3.0,0.99755
Palisade HS,Western,this season,61.5,Colorado West Festival,2026-09-26,68.9489,2.52,0.9991,0.6006,0.0695,4.0,0.996
Standley Lake HS,Metro,this season,63.95,Lakewood Marching Festival,2026-10-03,68.46999824909292,2.4724,0.99795,0.5275,0.0514,4.0,0.9914
Evergreen HS,Metro,this season,64.6,Lakewood Marching Festival,2026-10-03,67.27737796897155,2.4724,0.99405,0.3454,0.02255,5.0,0.98075
Green Mountain HS,Metro,this season,53.65,Legend Marching Festival,2026-09-19,62.6838,2.5675999999999997,0.9043,0.0248,0.0001,8.0,0.7818
Canon City HS,Southern,last season,,,,62.04392631619925,3.7899678098896827,0.8329,0.05365,0.0032,8.0,0.7044
Harrison HS,Southern,this season,53.3,Legacy Marching Festival,2026-09-26,60.4739,2.52,0.7753,0.00355,0.0,9.0,0.5821
Conifer HS,Metro,this season,55.7,Lakewood Marching Festival,2026-10-03,60.43900000000001,2.4724,0.74745,0.0031,0.0,9.0,0.54375
Pueblo Central,Southern,this season,48.6,Legend Marching Festival,2026-09-19,57.6338,2.5675999999999997,0.43865,0.0001,0.0,10.0,0.2493
Wheat Ridge HS,Metro,last season,,,,55.943926316199246,3.7899678098896827,0.27455,0.0004,0.0,9.0,0.1604
Pueblo East HS,Southern,last season,,,,50.23522631619925,3.7899678098896827,0.0374,0.0,0.0,10.0,0.01645
