school,class,region,enrollment,enrollment_class,official_name,note
Rocky Ford HS,1A,,163,1A,Rocky Ford Junior/Senior High School,
Rye HS,1A,,223,1A,Rye High School,
Monte Vista HS,1A,,258,1A,Monte Vista Senior High School,
Estes Park HS,1A,,263,1A,Estes Park High School,
Buena Vista HS,1A,,266,1A,Buena Vista High School,
Olathe HS,1A,,270,1A,Olathe High School,
Grand Valley HS,1A,,288,1A,Grand Valley High School,
La Junta HS,1A,,295,1A,La Junta Jr/Sr High School,
Florence HS,1A,,357,1A,Florence Jr./Sr. High School,
Bayfield HS,1A,,374,1A,Bayfield High School,
Gunnison HS,1A,,406,1A,Gunnison High School,
Bennett HS,1A,,418,1A,Bennett High School,
Sterling HS,1A,,441,1A,Sterling High School,
Woodland Park HS,2A,,464,2A,Woodland Park JR/SR High School,
Englewood HS,2A,,492,2A,Englewood High School,
Montezuma Cortez HS,2A,,549,2A,Montezuma-Cortez High School,
Eaton HS,2A,,573,2A,Eaton High School,
Delta HS,2A,,617,2A,Delta High School,
Weld Central HS,2A,,632,2A,Weld Central High School,
Elizabeth HS,2A,,636,2A,Elizabeth High School,
The Classical Academy,2A,,636,2A,The Classical Academy High School,
University Schools HS,2A,,647,2A,University Schools High School,
Pueblo South HS,2A,,697,2A,South High School,
Berthoud HS,2A,,735,2A,Berthoud High School,
Pueblo Centennial HS,2A,,784,2A,Pueblo Centennial High School,
D'Evelyn HS,3A,Metro,617,2A,D'Evelyn Junior/Senior High School,enrollment is 2A range; competes up in 3A
Conifer HS,3A,Metro,805,3A,Conifer Senior High School,
Evergreen HS,3A,Metro,830,3A,Evergreen High School,
Wheat Ridge HS,3A,Metro,886,3A,Wheat Ridge High School,
Canon City HS,3A,Southern,907,3A,Canon City High School,
Harrison HS,3A,Southern,1004,3A,Harrison High School,
Standley Lake HS,3A,Metro,1065,3A,Standley Lake High School,
Green Mountain HS,3A,Metro,1077,3A,Green Mountain High School,
Palisade HS,3A,Western,1084,3A,Palisade High School,
Pueblo East HS,3A,Southern,1098,3A,East High School,
Pueblo County HS,3A,Southern,1098,3A,Pueblo County High School,
Windsor HS,3A,Northern,1106,3A,Windsor High School,
Pueblo Central,3A,Southern,1221,4A,Pueblo Central High School,enrollment is 4A range; competes down in 3A
Falcon HS,4A,,1119,4A,Falcon High School,
Littleton HS,4A,,1125,4A,Littleton High School,
Widefield HS,4A,,1174,4A,Widefield High School,
Silver Creek HS,4A,,1187,4A,Silver Creek High School,
Palmer HS,4A,,1190,4A,Palmer High School,
Central HS Grand Junction,4A,,1212,4A,Central High School (GJ),
Fruita Monument HS,4A,,1254,4A,Fruita Monument High School,
Highlands Ranch HS,4A,,1261,4A,Highlands Ranch High School,
Rampart HS,4A,,1264,4A,Rampart High School,
Dakota Ridge HS,4A,,1266,4A,Dakota Ridge Senior High School,
Bear Creek HS,4A,,1281,4A,Bear Creek High School,
Roosevelt HS,4A,,1286,4A,Roosevelt High School,
Montrose HS,4A,,1304,4A,Montrose High School,
Durango HS,4A,,1305,4A,Durango High School,
Mesa Ridge HS,4A,,1320,4A,Mesa Ridge High School,
Loveland HS,4A,,1336,4A,Loveland High School,
Air Academy HS,4A,,1356,4A,Air Academy High School,
Ponderosa HS,4A,,1392,4A,Ponderosa High School,
Pueblo West HS,4A,,1407,4A,Pueblo West High School,
Sand Creek HS,4A,,1413,4A,Sand Creek High School,
Adams City HS,4A,,1422,4A,Adams City High School,
Golden HS,4A,,1458,4A,Golden High School,
Monarch HS,4A,,1475,4A,Monarch High School,
Vista Ridge HS,4A,,1482,4A,Vista Ridge High School,
Douglas County HS,4A,,1532,4A,Douglas County High School,
Centaurus HS,4A,,1571,4A,Centaurus High School,
Liberty HS,4A,,1621,4A,Liberty High School,
Columbine HS,5A,,1663,5A,Columbine High School,
Broomfield HS,5A,,1671,5A,Broomfield High School,
Doherty HS,5A,,1686,5A,Doherty High School,
Northglenn HS,5A,,1699,5A,Northglenn High School,
Lakewood HS,5A,,1724,5A,Lakewood High School,
Mountain Range HS,5A,,1732,5A,Mountain Range High School,
Heritage HS,5A,,1750,5A,Heritage High School,
Prairie View HS,5A,,1783,5A,Prairie View High School,
Chatfield HS,5A,,1786,5A,Chatfield High School,
Fossil Ridge HS,5A,,1824,5A,Fossil Ridge High School,
Fairview HS,5A,,1867,5A,Fairview High School,
Ralston Valley HS,5A,,1882,5A,Ralston Valley Senior High School,
Pine Creek HS,5A,,1904,5A,Pine Creek High School,
Arvada West HS,5A,,1905,5A,Arvada West High School,
Fountain-Ft. Carson HS,5A,,1909,5A,Fountain-Fort Carson High School,
Castle View HS,5A,,1927,5A,Castle View High School,
Horizon HS,5A,,1955,5A,Horizon High School,
Grand Junction HS,5A,,1962,5A,Grand Junction High School,
Legacy HS,5A,,2048,5A,Legacy High School,
Mountain Vista HS,5A,,2052,5A,Mountain Vista High School,
Chaparral HS,5A,,2061,5A,Chaparral High School,
Legend HS,5A,,2132,5A,Legend High School,
Rock Canyon HS,5A,,2321,5A,Rock Canyon High School,
Cherry Creek HS,5A,,3762,5A,Cherry Creek High School,
Cedaredge HS,NC,,256,,Cedaredge High School,non-competitive (does not compete for State)
Platte Valley HS,NC,,332,,Platte Valley High School,non-competitive (does not compete for State)
Salida HS,NC,,398,,Salida High School,non-competitive (does not compete for State)
Alameda International HS,NC,,661,,Alameda International Junior/Senior High School,non-competitive (does not compete for State)
Arvada HS,NC,,672,,Arvada High School,non-competitive (does not compete for State)
Smoky Hill HS,NC,,2364,,Smoky Hill High School,non-competitive (does not compete for State)
Rangeview HS,NC,,1942,,Rangeview High School,non-competitive (does not compete for State)
"Rio Rancho, NM",5A,,,,,learned from recap; not on CBA classification list
