alias,school
Wheat Ridge,Wheat Ridge HS
Wheat Ridge High School,Wheat Ridge HS
Standley Lake,Standley Lake HS
Standley Lake High School,Standley Lake HS
DEvelyn HS,D'Evelyn HS
D’Evelyn HS,D'Evelyn HS
Cañon City HS,Canon City HS
Canon City,Canon City HS
Pueblo Central HS,Pueblo Central
Conifer Senior HS,Conifer HS
East HS,Pueblo East HS
Pueblo East,Pueblo East HS
The Classical Academy HS,The Classical Academy
Classical Academy,The Classical Academy
LaJunta HS,La Junta HS
Florence Jr/Sr HS,Florence HS
Centennial,Pueblo Centennial HS
Centennial HS,Pueblo Centennial HS
Fountain-Fort Carson HS,Fountain-Ft. Carson HS
Central HS (GJ),Central HS Grand Junction
Montezuma-Cortez HS,Montezuma Cortez HS
William J. Palmer HS,Palmer HS
Ralston Valley Senior HS,Ralston Valley HS
Dakota Ridge Senior HS,Dakota Ridge HS
