season,event,event_date,round,school,class,class_source,total,penalty,section,source_label,pdf_url,scraped_at
2026,Legend Marching Festival,2026-09-19,Prelims,Standley Lake HS,3A,recap section,57.400,0.10,2026 Sanctioned Shows,Legend By Class,https://www.coloradomarching.org/_files/ugd/83f67e_7031922c9f6d47abaa976826cc00ad7c.pdf,2026-10-09T19:12:06
2026,Legend Marching Festival,2026-09-19,Prelims,Evergreen HS,3A,recap section,55.400,0.00,2026 Sanctioned Shows,Legend By Class,https://www.coloradomarching.org/_files/ugd/83f67e_7031922c9f6d47abaa976826cc00ad7c.pdf,2026-10-09T19:12:06
2026,Legend Marching Festival,2026-09-19,Prelims,Green Mountain HS,3A,recap section,53.650,0.00,2026 Sanctioned Shows,Legend By Class,https://www.coloradomarching.org/_files/ugd/83f67e_7031922c9f6d47abaa976826cc00ad7c.pdf,2026-10-09T19:12:06
2026,Legend Marching Festival,2026-09-19,Prelims,Pueblo Central,3A,recap section,48.600,0.20,2026 Sanctioned Shows,Legend By Class,https://www.coloradomarching.org/_files/ugd/83f67e_7031922c9f6d47abaa976826cc00ad7c.pdf,2026-10-09T19:12:06
2026,Legend Marching Festival,2026-09-19,Prelims,Castle View HS,5A,lookup table,66.850,0.00,2026 Sanctioned Shows,Legend By Class,https://www.coloradomarching.org/_files/ugd/83f67e_7031922c9f6d47abaa976826cc00ad7c.pdf,2026-10-09T19:12:06
2026,Legend Marching Festival,2026-09-19,Prelims,Rock Canyon HS,5A,lookup table,61.850,0.00,2026 Sanctioned Shows,Legend By Class,https://www.coloradomarching.org/_files/ugd/83f67e_7031922c9f6d47abaa976826cc00ad7c.pdf,2026-10-09T19:12:06
2026,Legend Marching Festival,2026-09-19,Prelims,Mountain Range HS,5A,lookup table,59.175,0.00,2026 Sanctioned Shows,Legend By Class,https://www.coloradomarching.org/_files/ugd/83f67e_7031922c9f6d47abaa976826cc00ad7c.pdf,2026-10-09T19:12:06
2026,Legend Marching Festival,2026-09-19,Prelims,Chaparral HS,5A,lookup table,58.850,0.00,2026 Sanctioned Shows,Legend By Class,https://www.coloradomarching.org/_files/ugd/83f67e_7031922c9f6d47abaa976826cc00ad7c.pdf,2026-10-09T19:12:06
2026,Legend Marching Festival,2026-09-19,Prelims,Douglas County HS,4A,lookup table,58.150,0.30,2026 Sanctioned Shows,Legend By Class,https://www.coloradomarching.org/_files/ugd/83f67e_7031922c9f6d47abaa976826cc00ad7c.pdf,2026-10-09T19:12:06
2026,Legend Marching Festival,2026-09-19,Prelims,Vista Ridge HS,4A,lookup table,56.075,0.00,2026 Sanctioned Shows,Legend By Class,https://www.coloradomarching.org/_files/ugd/83f67e_7031922c9f6d47abaa976826cc00ad7c.pdf,2026-10-09T19:12:06
2026,Legend Marching Festival,2026-09-19,Prelims,Highlands Ranch HS,4A,lookup table,55.000,0.00,2026 Sanctioned Shows,Legend By Class,https://www.coloradomarching.org/_files/ugd/83f67e_7031922c9f6d47abaa976826cc00ad7c.pdf,2026-10-09T19:12:06
2026,Legend Marching Festival,2026-09-19,Prelims,Pueblo West HS,4A,lookup table,54.700,0.00,2026 Sanctioned Shows,Legend By Class,https://www.coloradomarching.org/_files/ugd/83f67e_7031922c9f6d47abaa976826cc00ad7c.pdf,2026-10-09T19:12:06
2026,Legend Marching Festival,2026-09-19,Prelims,Falcon HS,4A,lookup table,54.400,0.00,2026 Sanctioned Shows,Legend By Class,https://www.coloradomarching.org/_files/ugd/83f67e_7031922c9f6d47abaa976826cc00ad7c.pdf,2026-10-09T19:12:06
2026,Legend Marching Festival,2026-09-19,Prelims,Sand Creek HS,4A,lookup table,53.300,0.40,2026 Sanctioned Shows,Legend By Class,https://www.coloradomarching.org/_files/ugd/83f67e_7031922c9f6d47abaa976826cc00ad7c.pdf,2026-10-09T19:12:06
2026,Legend Marching Festival,2026-09-19,Prelims,Mountain Vista HS,5A,lookup table,53.200,0.00,2026 Sanctioned Shows,Legend By Class,https://www.coloradomarching.org/_files/ugd/83f67e_7031922c9f6d47abaa976826cc00ad7c.pdf,2026-10-09T19:12:06
2026,Legend Marching Festival,2026-09-19,Prelims,Palmer HS,4A,lookup table,51.650,0.40,2026 Sanctioned Shows,Legend By Class,https://www.coloradomarching.org/_files/ugd/83f67e_7031922c9f6d47abaa976826cc00ad7c.pdf,2026-10-09T19:12:06
2026,Legend Marching Festival,2026-09-19,Prelims,The Classical Academy,2A,recap section,71.300,0.00,2026 Sanctioned Shows,Legend By Class,https://www.coloradomarching.org/_files/ugd/83f67e_7031922c9f6d47abaa976826cc00ad7c.pdf,2026-10-09T19:12:06
2026,Legend Marching Festival,2026-09-19,Prelims,Elizabeth HS,2A,recap section,58.325,0.00,2026 Sanctioned Shows,Legend By Class,https://www.coloradomarching.org/_files/ugd/83f67e_7031922c9f6d47abaa976826cc00ad7c.pdf,2026-10-09T19:12:06
2026,Legend Marching Festival,2026-09-19,Prelims,Woodland Park HS,2A,recap section,53.250,0.00,2026 Sanctioned Shows,Legend By Class,https://www.coloradomarching.org/_files/ugd/83f67e_7031922c9f6d47abaa976826cc00ad7c.pdf,2026-10-09T19:12:06
2026,Legend Marching Festival,2026-09-19,Prelims,Eaton HS,2A,recap section,50.875,0.00,2026 Sanctioned Shows,Legend By Class,https://www.coloradomarching.org/_files/ugd/83f67e_7031922c9f6d47abaa976826cc00ad7c.pdf,2026-10-09T19:12:06
2026,Legend Marching Festival,2026-09-19,Prelims,Florence HS,1A,recap section,58.350,0.00,2026 Sanctioned Shows,Legend By Class,https://www.coloradomarching.org/_files/ugd/83f67e_7031922c9f6d47abaa976826cc00ad7c.pdf,2026-10-09T19:12:06
2026,Legend Marching Festival,2026-09-19,Prelims,Monte Vista HS,1A,recap section,52.075,0.50,2026 Sanctioned Shows,Legend By Class,https://www.coloradomarching.org/_files/ugd/83f67e_7031922c9f6d47abaa976826cc00ad7c.pdf,2026-10-09T19:12:06
2026,Legend Marching Festival,2026-09-19,Prelims,Rocky Ford HS,1A,recap section,48.700,0.00,2026 Sanctioned Shows,Legend By Class,https://www.coloradomarching.org/_files/ugd/83f67e_7031922c9f6d47abaa976826cc00ad7c.pdf,2026-10-09T19:12:06
2026,Legacy Marching Festival,2026-09-26,Prelims,Fossil Ridge HS,5A,recap row,75.800,0.00,2026 Sanctioned Shows,Legacy Prelim,https://www.coloradomarching.org/_files/ugd/83f67e_91014ccf9bc04b5d95ec6afbe4b8da66.pdf,2026-10-09T19:12:06
2026,Legacy Marching Festival,2026-09-26,Prelims,Fairview HS,5A,recap row,73.425,0.00,2026 Sanctioned Shows,Legacy Prelim,https://www.coloradomarching.org/_files/ugd/83f67e_91014ccf9bc04b5d95ec6afbe4b8da66.pdf,2026-10-09T19:12:06
2026,Legacy Marching Festival,2026-09-26,Prelims,"Rio Rancho, NM",5A,recap row,73.300,0.00,2026 Sanctioned Shows,Legacy Prelim,https://www.coloradomarching.org/_files/ugd/83f67e_91014ccf9bc04b5d95ec6afbe4b8da66.pdf,2026-10-09T19:12:06
2026,Legacy Marching Festival,2026-09-26,Prelims,Loveland HS,4A,recap row,71.750,0.00,2026 Sanctioned Shows,Legacy Prelim,https://www.coloradomarching.org/_files/ugd/83f67e_91014ccf9bc04b5d95ec6afbe4b8da66.pdf,2026-10-09T19:12:06
2026,Legacy Marching Festival,2026-09-26,Prelims,Rampart HS,4A,recap row,71.700,0.00,2026 Sanctioned Shows,Legacy Prelim,https://www.coloradomarching.org/_files/ugd/83f67e_91014ccf9bc04b5d95ec6afbe4b8da66.pdf,2026-10-09T19:12:06
2026,Legacy Marching Festival,2026-09-26,Prelims,Air Academy HS,4A,recap row,69.825,0.00,2026 Sanctioned Shows,Legacy Prelim,https://www.coloradomarching.org/_files/ugd/83f67e_91014ccf9bc04b5d95ec6afbe4b8da66.pdf,2026-10-09T19:12:06
2026,Legacy Marching Festival,2026-09-26,Prelims,Lakewood HS,5A,recap row,69.325,0.00,2026 Sanctioned Shows,Legacy Prelim,https://www.coloradomarching.org/_files/ugd/83f67e_91014ccf9bc04b5d95ec6afbe4b8da66.pdf,2026-10-09T19:12:06
2026,Legacy Marching Festival,2026-09-26,Prelims,Pine Creek HS,5A,recap row,68.875,0.00,2026 Sanctioned Shows,Legacy Prelim,https://www.coloradomarching.org/_files/ugd/83f67e_91014ccf9bc04b5d95ec6afbe4b8da66.pdf,2026-10-09T19:12:06
2026,Legacy Marching Festival,2026-09-26,Prelims,Centaurus HS,4A,recap row,68.750,0.00,2026 Sanctioned Shows,Legacy Prelim,https://www.coloradomarching.org/_files/ugd/83f67e_91014ccf9bc04b5d95ec6afbe4b8da66.pdf,2026-10-09T19:12:06
2026,Legacy Marching Festival,2026-09-26,Prelims,Cherry Creek HS,5A,recap row,68.325,0.00,2026 Sanctioned Shows,Legacy Prelim,https://www.coloradomarching.org/_files/ugd/83f67e_91014ccf9bc04b5d95ec6afbe4b8da66.pdf,2026-10-09T19:12:06
2026,Legacy Marching Festival,2026-09-26,Prelims,Columbine HS,5A,recap row,67.375,0.20,2026 Sanctioned Shows,Legacy Prelim,https://www.coloradomarching.org/_files/ugd/83f67e_91014ccf9bc04b5d95ec6afbe4b8da66.pdf,2026-10-09T19:12:06
2026,Legacy Marching Festival,2026-09-26,Prelims,Horizon HS,5A,recap row,67.000,0.10,2026 Sanctioned Shows,Legacy Prelim,https://www.coloradomarching.org/_files/ugd/83f67e_91014ccf9bc04b5d95ec6afbe4b8da66.pdf,2026-10-09T19:12:06
2026,Legacy Marching Festival,2026-09-26,Prelims,Chatfield HS,5A,recap row,66.375,0.00,2026 Sanctioned Shows,Legacy Prelim,https://www.coloradomarching.org/_files/ugd/83f67e_91014ccf9bc04b5d95ec6afbe4b8da66.pdf,2026-10-09T19:12:06
2026,Legacy Marching Festival,2026-09-26,Prelims,Littleton HS,4A,recap row,62.175,2.00,2026 Sanctioned Shows,Legacy Prelim,https://www.coloradomarching.org/_files/ugd/83f67e_91014ccf9bc04b5d95ec6afbe4b8da66.pdf,2026-10-09T19:12:06
2026,Legacy Marching Festival,2026-09-26,Prelims,Legend HS,5A,recap row,61.700,0.20,2026 Sanctioned Shows,Legacy Prelim,https://www.coloradomarching.org/_files/ugd/83f67e_91014ccf9bc04b5d95ec6afbe4b8da66.pdf,2026-10-09T19:12:06
2026,Legacy Marching Festival,2026-09-26,Prelims,Liberty HS,4A,recap row,59.600,0.00,2026 Sanctioned Shows,Legacy Prelim,https://www.coloradomarching.org/_files/ugd/83f67e_91014ccf9bc04b5d95ec6afbe4b8da66.pdf,2026-10-09T19:12:06
2026,Legacy Marching Festival,2026-09-26,Prelims,Dakota Ridge HS,4A,recap row,59.150,0.00,2026 Sanctioned Shows,Legacy Prelim,https://www.coloradomarching.org/_files/ugd/83f67e_91014ccf9bc04b5d95ec6afbe4b8da66.pdf,2026-10-09T19:12:06
2026,Legacy Marching Festival,2026-09-26,Prelims,Doherty HS,5A,recap row,58.325,0.10,2026 Sanctioned Shows,Legacy Prelim,https://www.coloradomarching.org/_files/ugd/83f67e_91014ccf9bc04b5d95ec6afbe4b8da66.pdf,2026-10-09T19:12:06
2026,Legacy Marching Festival,2026-09-26,Prelims,D'Evelyn HS,3A,recap row,58.250,0.00,2026 Sanctioned Shows,Legacy Prelim,https://www.coloradomarching.org/_files/ugd/83f67e_91014ccf9bc04b5d95ec6afbe4b8da66.pdf,2026-10-09T19:12:06
2026,Legacy Marching Festival,2026-09-26,Prelims,Mountain Range HS,5A,recap row,57.900,0.20,2026 Sanctioned Shows,Legacy Prelim,https://www.coloradomarching.org/_files/ugd/83f67e_91014ccf9bc04b5d95ec6afbe4b8da66.pdf,2026-10-09T19:12:06
2026,Legacy Marching Festival,2026-09-26,Prelims,Bear Creek HS,4A,recap row,55.700,0.00,2026 Sanctioned Shows,Legacy Prelim,https://www.coloradomarching.org/_files/ugd/83f67e_91014ccf9bc04b5d95ec6afbe4b8da66.pdf,2026-10-09T19:12:06
2026,Legacy Marching Festival,2026-09-26,Prelims,Harrison HS,3A,recap row,53.300,0.00,2026 Sanctioned Shows,Legacy Prelim,https://www.coloradomarching.org/_files/ugd/83f67e_91014ccf9bc04b5d95ec6afbe4b8da66.pdf,2026-10-09T19:12:06
2026,Legacy Marching Festival,2026-09-26,Prelims,Northglenn HS,5A,recap row,52.700,0.00,2026 Sanctioned Shows,Legacy Prelim,https://www.coloradomarching.org/_files/ugd/83f67e_91014ccf9bc04b5d95ec6afbe4b8da66.pdf,2026-10-09T19:12:06
2026,Legacy Marching Festival,2026-09-26,Prelims,Broomfield HS,5A,recap row,52.400,0.40,2026 Sanctioned Shows,Legacy Prelim,https://www.coloradomarching.org/_files/ugd/83f67e_91014ccf9bc04b5d95ec6afbe4b8da66.pdf,2026-10-09T19:12:06
2026,Legacy Marching Festival,2026-09-26,Prelims,Estes Park HS,1A,recap row,46.900,1.50,2026 Sanctioned Shows,Legacy Prelim,https://www.coloradomarching.org/_files/ugd/83f67e_91014ccf9bc04b5d95ec6afbe4b8da66.pdf,2026-10-09T19:12:06
2026,Legacy Marching Festival,2026-09-26,Finals,Fossil Ridge HS,5A,lookup table,77.800,0.00,2026 Sanctioned Shows,Legacy Finals,https://www.coloradomarching.org/_files/ugd/83f67e_ff7d8d9afc464affb37a4ae4ba32ca97.pdf,2026-10-09T19:12:06
2026,Legacy Marching Festival,2026-09-26,Finals,"Rio Rancho, NM",5A,lookup table,76.050,0.00,2026 Sanctioned Shows,Legacy Finals,https://www.coloradomarching.org/_files/ugd/83f67e_ff7d8d9afc464affb37a4ae4ba32ca97.pdf,2026-10-09T19:12:06
2026,Legacy Marching Festival,2026-09-26,Finals,Loveland HS,4A,lookup table,73.600,0.00,2026 Sanctioned Shows,Legacy Finals,https://www.coloradomarching.org/_files/ugd/83f67e_ff7d8d9afc464affb37a4ae4ba32ca97.pdf,2026-10-09T19:12:06
2026,Legacy Marching Festival,2026-09-26,Finals,Fairview HS,5A,lookup table,72.700,0.00,2026 Sanctioned Shows,Legacy Finals,https://www.coloradomarching.org/_files/ugd/83f67e_ff7d8d9afc464affb37a4ae4ba32ca97.pdf,2026-10-09T19:12:06
2026,Legacy Marching Festival,2026-09-26,Finals,Lakewood HS,5A,lookup table,72.350,0.00,2026 Sanctioned Shows,Legacy Finals,https://www.coloradomarching.org/_files/ugd/83f67e_ff7d8d9afc464affb37a4ae4ba32ca97.pdf,2026-10-09T19:12:06
2026,Legacy Marching Festival,2026-09-26,Finals,Centaurus HS,4A,lookup table,71.050,0.00,2026 Sanctioned Shows,Legacy Finals,https://www.coloradomarching.org/_files/ugd/83f67e_ff7d8d9afc464affb37a4ae4ba32ca97.pdf,2026-10-09T19:12:06
2026,Legacy Marching Festival,2026-09-26,Finals,Rampart HS,4A,lookup table,70.650,0.00,2026 Sanctioned Shows,Legacy Finals,https://www.coloradomarching.org/_files/ugd/83f67e_ff7d8d9afc464affb37a4ae4ba32ca97.pdf,2026-10-09T19:12:06
2026,Legacy Marching Festival,2026-09-26,Finals,Columbine HS,5A,lookup table,68.200,0.00,2026 Sanctioned Shows,Legacy Finals,https://www.coloradomarching.org/_files/ugd/83f67e_ff7d8d9afc464affb37a4ae4ba32ca97.pdf,2026-10-09T19:12:06
2026,Legacy Marching Festival,2026-09-26,Finals,Cherry Creek HS,5A,lookup table,67.050,0.00,2026 Sanctioned Shows,Legacy Finals,https://www.coloradomarching.org/_files/ugd/83f67e_ff7d8d9afc464affb37a4ae4ba32ca97.pdf,2026-10-09T19:12:06
2026,Legacy Marching Festival,2026-09-26,Finals,Legend HS,5A,lookup table,64.150,0.00,2026 Sanctioned Shows,Legacy Finals,https://www.coloradomarching.org/_files/ugd/83f67e_ff7d8d9afc464affb37a4ae4ba32ca97.pdf,2026-10-09T19:12:06
2026,Legacy Marching Festival,2026-09-26,Finals,Littleton HS,4A,lookup table,63.800,0.00,2026 Sanctioned Shows,Legacy Finals,https://www.coloradomarching.org/_files/ugd/83f67e_ff7d8d9afc464affb37a4ae4ba32ca97.pdf,2026-10-09T19:12:06
2026,Legacy Marching Festival,2026-09-26,Finals,Liberty HS,4A,lookup table,60.600,0.00,2026 Sanctioned Shows,Legacy Finals,https://www.coloradomarching.org/_files/ugd/83f67e_ff7d8d9afc464affb37a4ae4ba32ca97.pdf,2026-10-09T19:12:06
2026,Colorado West Festival,2026-09-26,Prelims,Fountain-Ft. Carson HS,5A,lookup table,72.750,0.00,2026 Sanctioned Shows,Colorado West Prelim,https://www.coloradomarching.org/_files/ugd/83f67e_6e81bdd4688447e3a05fae2023551fc8.pdf,2026-10-09T19:12:06
2026,Colorado West Festival,2026-09-26,Prelims,Montrose HS,4A,lookup table,68.450,0.00,2026 Sanctioned Shows,Colorado West Prelim,https://www.coloradomarching.org/_files/ugd/83f67e_6e81bdd4688447e3a05fae2023551fc8.pdf,2026-10-09T19:12:06
2026,Colorado West Festival,2026-09-26,Prelims,Grand Junction HS,5A,lookup table,66.900,0.00,2026 Sanctioned Shows,Colorado West Prelim,https://www.coloradomarching.org/_files/ugd/83f67e_6e81bdd4688447e3a05fae2023551fc8.pdf,2026-10-09T19:12:06
2026,Colorado West Festival,2026-09-26,Prelims,Fruita Monument HS,4A,lookup table,65.700,0.00,2026 Sanctioned Shows,Colorado West Prelim,https://www.coloradomarching.org/_files/ugd/83f67e_6e81bdd4688447e3a05fae2023551fc8.pdf,2026-10-09T19:12:06
2026,Colorado West Festival,2026-09-26,Prelims,Central HS Grand Junction,4A,lookup table,64.575,0.00,2026 Sanctioned Shows,Colorado West Prelim,https://www.coloradomarching.org/_files/ugd/83f67e_6e81bdd4688447e3a05fae2023551fc8.pdf,2026-10-09T19:12:06
2026,Colorado West Festival,2026-09-26,Prelims,Palisade HS,3A,lookup table,62.050,0.00,2026 Sanctioned Shows,Colorado West Prelim,https://www.coloradomarching.org/_files/ugd/83f67e_6e81bdd4688447e3a05fae2023551fc8.pdf,2026-10-09T19:12:06
2026,Colorado West Festival,2026-09-26,Prelims,Montezuma Cortez HS,2A,lookup table,60.950,0.00,2026 Sanctioned Shows,Colorado West Prelim,https://www.coloradomarching.org/_files/ugd/83f67e_6e81bdd4688447e3a05fae2023551fc8.pdf,2026-10-09T19:12:06
2026,Colorado West Festival,2026-09-26,Prelims,Durango HS,4A,lookup table,58.700,0.00,2026 Sanctioned Shows,Colorado West Prelim,https://www.coloradomarching.org/_files/ugd/83f67e_6e81bdd4688447e3a05fae2023551fc8.pdf,2026-10-09T19:12:06
2026,Colorado West Festival,2026-09-26,Prelims,Delta HS,2A,lookup table,55.250,0.00,2026 Sanctioned Shows,Colorado West Prelim,https://www.coloradomarching.org/_files/ugd/83f67e_6e81bdd4688447e3a05fae2023551fc8.pdf,2026-10-09T19:12:06
2026,Colorado West Festival,2026-09-26,Prelims,Grand Valley HS,1A,lookup table,49.650,0.00,2026 Sanctioned Shows,Colorado West Prelim,https://www.coloradomarching.org/_files/ugd/83f67e_6e81bdd4688447e3a05fae2023551fc8.pdf,2026-10-09T19:12:06
2026,Colorado West Festival,2026-09-26,Prelims,Gunnison HS,1A,lookup table,46.550,0.30,2026 Sanctioned Shows,Colorado West Prelim,https://www.coloradomarching.org/_files/ugd/83f67e_6e81bdd4688447e3a05fae2023551fc8.pdf,2026-10-09T19:12:06
2026,Colorado West Festival,2026-09-26,Prelims,Olathe HS,1A,lookup table,45.150,0.20,2026 Sanctioned Shows,Colorado West Prelim,https://www.coloradomarching.org/_files/ugd/83f67e_6e81bdd4688447e3a05fae2023551fc8.pdf,2026-10-09T19:12:06
2026,Colorado West Festival,2026-09-26,Finals,Fountain-Ft. Carson HS,5A,recap row,74.000,0.00,2026 Sanctioned Shows,Colorado West Finals,https://www.coloradomarching.org/_files/ugd/83f67e_8d9f7664ac294c5a8646f40405728395.pdf,2026-10-09T19:12:06
2026,Colorado West Festival,2026-09-26,Finals,Montrose HS,4A,recap row,71.750,0.00,2026 Sanctioned Shows,Colorado West Finals,https://www.coloradomarching.org/_files/ugd/83f67e_8d9f7664ac294c5a8646f40405728395.pdf,2026-10-09T19:12:06
2026,Colorado West Festival,2026-09-26,Finals,Grand Junction HS,5A,recap row,67.700,0.00,2026 Sanctioned Shows,Colorado West Finals,https://www.coloradomarching.org/_files/ugd/83f67e_8d9f7664ac294c5a8646f40405728395.pdf,2026-10-09T19:12:06
2026,Colorado West Festival,2026-09-26,Finals,Fruita Monument HS,4A,recap row,65.900,0.00,2026 Sanctioned Shows,Colorado West Finals,https://www.coloradomarching.org/_files/ugd/83f67e_8d9f7664ac294c5a8646f40405728395.pdf,2026-10-09T19:12:06
2026,Colorado West Festival,2026-09-26,Finals,Central HS Grand Junction,4A,recap row,65.600,0.00,2026 Sanctioned Shows,Colorado West Finals,https://www.coloradomarching.org/_files/ugd/83f67e_8d9f7664ac294c5a8646f40405728395.pdf,2026-10-09T19:12:06
2026,Colorado West Festival,2026-09-26,Finals,Palisade HS,3A,recap row,61.500,0.00,2026 Sanctioned Shows,Colorado West Finals,https://www.coloradomarching.org/_files/ugd/83f67e_8d9f7664ac294c5a8646f40405728395.pdf,2026-10-09T19:12:06
2026,Colorado West Festival,2026-09-26,Finals,Montezuma Cortez HS,2A,recap row,59.900,0.00,2026 Sanctioned Shows,Colorado West Finals,https://www.coloradomarching.org/_files/ugd/83f67e_8d9f7664ac294c5a8646f40405728395.pdf,2026-10-09T19:12:06
2026,Colorado West Festival,2026-09-26,Finals,Delta HS,2A,recap row,52.700,0.20,2026 Sanctioned Shows,Colorado West Finals,https://www.coloradomarching.org/_files/ugd/83f67e_8d9f7664ac294c5a8646f40405728395.pdf,2026-10-09T19:12:06
2026,Colorado West Festival,2026-09-26,Finals,Grand Valley HS,1A,recap row,49.800,0.00,2026 Sanctioned Shows,Colorado West Finals,https://www.coloradomarching.org/_files/ugd/83f67e_8d9f7664ac294c5a8646f40405728395.pdf,2026-10-09T19:12:06
2026,Colorado West Festival,2026-09-26,Finals,Gunnison HS,1A,recap row,45.900,0.40,2026 Sanctioned Shows,Colorado West Finals,https://www.coloradomarching.org/_files/ugd/83f67e_8d9f7664ac294c5a8646f40405728395.pdf,2026-10-09T19:12:06
2026,Colorado West Festival,2026-09-26,Finals,Olathe HS,1A,recap row,43.550,0.30,2026 Sanctioned Shows,Colorado West Finals,https://www.coloradomarching.org/_files/ugd/83f67e_8d9f7664ac294c5a8646f40405728395.pdf,2026-10-09T19:12:06
2026,Lakewood Marching Festival,2026-10-03,Prelims,Monarch HS,4A,recap row,77.150,0.00,2026 Sanctioned Shows,Lakewood Prelims,https://www.coloradomarching.org/_files/ugd/83f67e_90c1c45740d74a95b5d279367861bc8e.pdf,2026-10-09T19:12:06
2026,Lakewood Marching Festival,2026-10-03,Prelims,Loveland HS,4A,recap row,77.050,0.00,2026 Sanctioned Shows,Lakewood Prelims,https://www.coloradomarching.org/_files/ugd/83f67e_90c1c45740d74a95b5d279367861bc8e.pdf,2026-10-09T19:12:06
2026,Lakewood Marching Festival,2026-10-03,Prelims,Fountain-Ft. Carson HS,5A,recap row,76.550,0.00,2026 Sanctioned Shows,Lakewood Prelims,https://www.coloradomarching.org/_files/ugd/83f67e_90c1c45740d74a95b5d279367861bc8e.pdf,2026-10-09T19:12:06
2026,Lakewood Marching Festival,2026-10-03,Prelims,The Classical Academy,2A,recap row,73.400,0.00,2026 Sanctioned Shows,Lakewood Prelims,https://www.coloradomarching.org/_files/ugd/83f67e_90c1c45740d74a95b5d279367861bc8e.pdf,2026-10-09T19:12:06
2026,Lakewood Marching Festival,2026-10-03,Prelims,Mesa Ridge HS,4A,recap row,73.300,0.00,2026 Sanctioned Shows,Lakewood Prelims,https://www.coloradomarching.org/_files/ugd/83f67e_90c1c45740d74a95b5d279367861bc8e.pdf,2026-10-09T19:12:06
2026,Lakewood Marching Festival,2026-10-03,Prelims,Columbine HS,5A,recap row,72.650,0.00,2026 Sanctioned Shows,Lakewood Prelims,https://www.coloradomarching.org/_files/ugd/83f67e_90c1c45740d74a95b5d279367861bc8e.pdf,2026-10-09T19:12:06
2026,Lakewood Marching Festival,2026-10-03,Prelims,Ralston Valley HS,5A,recap row,69.900,0.00,2026 Sanctioned Shows,Lakewood Prelims,https://www.coloradomarching.org/_files/ugd/83f67e_90c1c45740d74a95b5d279367861bc8e.pdf,2026-10-09T19:12:06
2026,Lakewood Marching Festival,2026-10-03,Prelims,Windsor HS,3A,recap row,65.100,0.00,2026 Sanctioned Shows,Lakewood Prelims,https://www.coloradomarching.org/_files/ugd/83f67e_90c1c45740d74a95b5d279367861bc8e.pdf,2026-10-09T19:12:06
2026,Lakewood Marching Festival,2026-10-03,Prelims,Evergreen HS,3A,recap row,64.600,0.00,2026 Sanctioned Shows,Lakewood Prelims,https://www.coloradomarching.org/_files/ugd/83f67e_90c1c45740d74a95b5d279367861bc8e.pdf,2026-10-09T19:12:06
2026,Lakewood Marching Festival,2026-10-03,Prelims,Standley Lake HS,3A,recap row,64.250,0.00,2026 Sanctioned Shows,Lakewood Prelims,https://www.coloradomarching.org/_files/ugd/83f67e_90c1c45740d74a95b5d279367861bc8e.pdf,2026-10-09T19:12:06
2026,Lakewood Marching Festival,2026-10-03,Prelims,Bear Creek HS,4A,recap row,62.900,0.00,2026 Sanctioned Shows,Lakewood Prelims,https://www.coloradomarching.org/_files/ugd/83f67e_90c1c45740d74a95b5d279367861bc8e.pdf,2026-10-09T19:12:06
2026,Lakewood Marching Festival,2026-10-03,Prelims,Prairie View HS,5A,recap row,59.450,0.00,2026 Sanctioned Shows,Lakewood Prelims,https://www.coloradomarching.org/_files/ugd/83f67e_90c1c45740d74a95b5d279367861bc8e.pdf,2026-10-09T19:12:06
2026,Lakewood Marching Festival,2026-10-03,Prelims,Arvada West HS,5A,recap row,58.950,0.20,2026 Sanctioned Shows,Lakewood Prelims,https://www.coloradomarching.org/_files/ugd/83f67e_90c1c45740d74a95b5d279367861bc8e.pdf,2026-10-09T19:12:06
2026,Lakewood Marching Festival,2026-10-03,Prelims,Silver Creek HS,4A,recap row,58.900,0.00,2026 Sanctioned Shows,Lakewood Prelims,https://www.coloradomarching.org/_files/ugd/83f67e_90c1c45740d74a95b5d279367861bc8e.pdf,2026-10-09T19:12:06
2026,Lakewood Marching Festival,2026-10-03,Prelims,Broomfield HS,5A,recap row,56.200,0.60,2026 Sanctioned Shows,Lakewood Prelims,https://www.coloradomarching.org/_files/ugd/83f67e_90c1c45740d74a95b5d279367861bc8e.pdf,2026-10-09T19:12:06
2026,Lakewood Marching Festival,2026-10-03,Prelims,Northglenn HS,5A,recap row,54.750,0.00,2026 Sanctioned Shows,Lakewood Prelims,https://www.coloradomarching.org/_files/ugd/83f67e_90c1c45740d74a95b5d279367861bc8e.pdf,2026-10-09T19:12:06
2026,Lakewood Marching Festival,2026-10-03,Prelims,Conifer HS,3A,recap row,54.550,0.00,2026 Sanctioned Shows,Lakewood Prelims,https://www.coloradomarching.org/_files/ugd/83f67e_90c1c45740d74a95b5d279367861bc8e.pdf,2026-10-09T19:12:06
2026,Lakewood Marching Festival,2026-10-03,Prelims,Palmer HS,4A,recap row,52.600,1.60,2026 Sanctioned Shows,Lakewood Prelims,https://www.coloradomarching.org/_files/ugd/83f67e_90c1c45740d74a95b5d279367861bc8e.pdf,2026-10-09T19:12:06
2026,Lakewood Marching Festival,2026-10-03,Prelims,Golden HS,4A,recap row,50.950,0.10,2026 Sanctioned Shows,Lakewood Prelims,https://www.coloradomarching.org/_files/ugd/83f67e_90c1c45740d74a95b5d279367861bc8e.pdf,2026-10-09T19:12:06
2026,Lakewood Marching Festival,2026-10-03,Prelims,Adams City HS,4A,recap row,50.550,0.20,2026 Sanctioned Shows,Lakewood Prelims,https://www.coloradomarching.org/_files/ugd/83f67e_90c1c45740d74a95b5d279367861bc8e.pdf,2026-10-09T19:12:06
2026,Lakewood Marching Festival,2026-10-03,Prelims,Arvada HS,2A,recap row,49.600,0.00,2026 Sanctioned Shows,Lakewood Prelims,https://www.coloradomarching.org/_files/ugd/83f67e_90c1c45740d74a95b5d279367861bc8e.pdf,2026-10-09T19:12:06
2026,Lakewood Marching Festival,2026-10-03,Finals,Monarch HS,4A,lookup table,76.700,0.00,2026 Sanctioned Shows,Lakewood Finals,https://www.coloradomarching.org/_files/ugd/83f67e_72099b739cdb4f4b9afa11e38bf417f4.pdf,2026-10-09T19:12:06
2026,Lakewood Marching Festival,2026-10-03,Finals,Fountain-Ft. Carson HS,5A,lookup table,76.600,0.00,2026 Sanctioned Shows,Lakewood Finals,https://www.coloradomarching.org/_files/ugd/83f67e_72099b739cdb4f4b9afa11e38bf417f4.pdf,2026-10-09T19:12:06
2026,Lakewood Marching Festival,2026-10-03,Finals,The Classical Academy,2A,lookup table,73.150,0.00,2026 Sanctioned Shows,Lakewood Finals,https://www.coloradomarching.org/_files/ugd/83f67e_72099b739cdb4f4b9afa11e38bf417f4.pdf,2026-10-09T19:12:06
2026,Lakewood Marching Festival,2026-10-03,Finals,Mesa Ridge HS,4A,lookup table,72.850,0.00,2026 Sanctioned Shows,Lakewood Finals,https://www.coloradomarching.org/_files/ugd/83f67e_72099b739cdb4f4b9afa11e38bf417f4.pdf,2026-10-09T19:12:06
2026,Lakewood Marching Festival,2026-10-03,Finals,Columbine HS,5A,lookup table,72.800,0.00,2026 Sanctioned Shows,Lakewood Finals,https://www.coloradomarching.org/_files/ugd/83f67e_72099b739cdb4f4b9afa11e38bf417f4.pdf,2026-10-09T19:12:06
2026,Lakewood Marching Festival,2026-10-03,Finals,Ralston Valley HS,5A,lookup table,68.750,0.00,2026 Sanctioned Shows,Lakewood Finals,https://www.coloradomarching.org/_files/ugd/83f67e_72099b739cdb4f4b9afa11e38bf417f4.pdf,2026-10-09T19:12:06
2026,Lakewood Marching Festival,2026-10-03,Finals,Windsor HS,3A,lookup table,64.800,0.00,2026 Sanctioned Shows,Lakewood Finals,https://www.coloradomarching.org/_files/ugd/83f67e_72099b739cdb4f4b9afa11e38bf417f4.pdf,2026-10-09T19:12:06
2026,Lakewood Marching Festival,2026-10-03,Finals,Standley Lake HS,3A,lookup table,63.950,0.00,2026 Sanctioned Shows,Lakewood Finals,https://www.coloradomarching.org/_files/ugd/83f67e_72099b739cdb4f4b9afa11e38bf417f4.pdf,2026-10-09T19:12:06
2026,Lakewood Marching Festival,2026-10-03,Finals,Bear Creek HS,4A,lookup table,62.500,0.00,2026 Sanctioned Shows,Lakewood Finals,https://www.coloradomarching.org/_files/ugd/83f67e_72099b739cdb4f4b9afa11e38bf417f4.pdf,2026-10-09T19:12:06
2026,Lakewood Marching Festival,2026-10-03,Finals,Silver Creek HS,4A,lookup table,60.400,0.00,2026 Sanctioned Shows,Lakewood Finals,https://www.coloradomarching.org/_files/ugd/83f67e_72099b739cdb4f4b9afa11e38bf417f4.pdf,2026-10-09T19:12:06
2026,Lakewood Marching Festival,2026-10-03,Finals,Conifer HS,3A,lookup table,55.700,0.00,2026 Sanctioned Shows,Lakewood Finals,https://www.coloradomarching.org/_files/ugd/83f67e_72099b739cdb4f4b9afa11e38bf417f4.pdf,2026-10-09T19:12:06
2026,Lakewood Marching Festival,2026-10-03,Finals,Palmer HS,4A,lookup table,53.150,1.60,2026 Sanctioned Shows,Lakewood Finals,https://www.coloradomarching.org/_files/ugd/83f67e_72099b739cdb4f4b9afa11e38bf417f4.pdf,2026-10-09T19:12:06
2026,DCMI Marching Festival,2026-10-03,Prelims,Fossil Ridge HS,5A,recap row,77.800,0.00,2026 Sanctioned Shows,DCMI Prelims,https://www.coloradomarching.org/_files/ugd/83f67e_8bee4ef54f9147d0bbbf985c424d8449.pdf,2026-10-09T19:12:06
2026,DCMI Marching Festival,2026-10-03,Prelims,Centaurus HS,4A,recap row,74.950,0.00,2026 Sanctioned Shows,DCMI Prelims,https://www.coloradomarching.org/_files/ugd/83f67e_8bee4ef54f9147d0bbbf985c424d8449.pdf,2026-10-09T19:12:06
2026,DCMI Marching Festival,2026-10-03,Prelims,Air Academy HS,4A,recap row,74.900,0.00,2026 Sanctioned Shows,DCMI Prelims,https://www.coloradomarching.org/_files/ugd/83f67e_8bee4ef54f9147d0bbbf985c424d8449.pdf,2026-10-09T19:12:06
2026,DCMI Marching Festival,2026-10-03,Prelims,Pine Creek HS,5A,recap row,72.550,0.00,2026 Sanctioned Shows,DCMI Prelims,https://www.coloradomarching.org/_files/ugd/83f67e_8bee4ef54f9147d0bbbf985c424d8449.pdf,2026-10-09T19:12:06
2026,DCMI Marching Festival,2026-10-03,Prelims,Chatfield HS,5A,recap row,69.900,0.10,2026 Sanctioned Shows,DCMI Prelims,https://www.coloradomarching.org/_files/ugd/83f67e_8bee4ef54f9147d0bbbf985c424d8449.pdf,2026-10-09T19:12:06
2026,DCMI Marching Festival,2026-10-03,Prelims,Legend HS,5A,recap row,68.750,0.00,2026 Sanctioned Shows,DCMI Prelims,https://www.coloradomarching.org/_files/ugd/83f67e_8bee4ef54f9147d0bbbf985c424d8449.pdf,2026-10-09T19:12:06
2026,DCMI Marching Festival,2026-10-03,Prelims,Littleton HS,4A,recap row,68.400,0.00,2026 Sanctioned Shows,DCMI Prelims,https://www.coloradomarching.org/_files/ugd/83f67e_8bee4ef54f9147d0bbbf985c424d8449.pdf,2026-10-09T19:12:06
2026,DCMI Marching Festival,2026-10-03,Prelims,Castle View HS,5A,recap row,67.000,0.00,2026 Sanctioned Shows,DCMI Prelims,https://www.coloradomarching.org/_files/ugd/83f67e_8bee4ef54f9147d0bbbf985c424d8449.pdf,2026-10-09T19:12:06
2026,DCMI Marching Festival,2026-10-03,Prelims,D'Evelyn HS,3A,recap row,66.050,0.00,2026 Sanctioned Shows,DCMI Prelims,https://www.coloradomarching.org/_files/ugd/83f67e_8bee4ef54f9147d0bbbf985c424d8449.pdf,2026-10-09T19:12:06
2026,DCMI Marching Festival,2026-10-03,Prelims,Liberty HS,4A,recap row,65.500,0.00,2026 Sanctioned Shows,DCMI Prelims,https://www.coloradomarching.org/_files/ugd/83f67e_8bee4ef54f9147d0bbbf985c424d8449.pdf,2026-10-09T19:12:06
2026,DCMI Marching Festival,2026-10-03,Prelims,Smoky Hill HS,5A,recap row,62.400,0.00,2026 Sanctioned Shows,DCMI Prelims,https://www.coloradomarching.org/_files/ugd/83f67e_8bee4ef54f9147d0bbbf985c424d8449.pdf,2026-10-09T19:12:06
2026,DCMI Marching Festival,2026-10-03,Prelims,Heritage HS,5A,recap row,62.050,0.20,2026 Sanctioned Shows,DCMI Prelims,https://www.coloradomarching.org/_files/ugd/83f67e_8bee4ef54f9147d0bbbf985c424d8449.pdf,2026-10-09T19:12:06
2026,DCMI Marching Festival,2026-10-03,Prelims,Highlands Ranch HS,4A,recap row,58.800,0.00,2026 Sanctioned Shows,DCMI Prelims,https://www.coloradomarching.org/_files/ugd/83f67e_8bee4ef54f9147d0bbbf985c424d8449.pdf,2026-10-09T19:12:06
2026,DCMI Marching Festival,2026-10-03,Prelims,Chaparral HS,5A,recap row,58.350,0.50,2026 Sanctioned Shows,DCMI Prelims,https://www.coloradomarching.org/_files/ugd/83f67e_8bee4ef54f9147d0bbbf985c424d8449.pdf,2026-10-09T19:12:06
2026,DCMI Marching Festival,2026-10-03,Prelims,Mountain Vista HS,5A,recap row,57.150,0.00,2026 Sanctioned Shows,DCMI Prelims,https://www.coloradomarching.org/_files/ugd/83f67e_8bee4ef54f9147d0bbbf985c424d8449.pdf,2026-10-09T19:12:06
2026,DCMI Marching Festival,2026-10-03,Prelims,Buena Vista HS,1A,recap row,55.900,0.10,2026 Sanctioned Shows,DCMI Prelims,https://www.coloradomarching.org/_files/ugd/83f67e_8bee4ef54f9147d0bbbf985c424d8449.pdf,2026-10-09T19:12:06
2026,DCMI Marching Festival,2026-10-03,Prelims,Ponderosa HS,4A,recap row,55.000,0.00,2026 Sanctioned Shows,DCMI Prelims,https://www.coloradomarching.org/_files/ugd/83f67e_8bee4ef54f9147d0bbbf985c424d8449.pdf,2026-10-09T19:12:06
2026,DCMI Marching Festival,2026-10-03,Finals,Fossil Ridge HS,5A,lookup table,80.750,0.00,2026 Sanctioned Shows,DCMI Finals,https://www.coloradomarching.org/_files/ugd/83f67e_4b4eee9fd77445bea6bec595e4005414.pdf,2026-10-09T19:12:06
2026,DCMI Marching Festival,2026-10-03,Finals,Air Academy HS,4A,lookup table,77.850,0.00,2026 Sanctioned Shows,DCMI Finals,https://www.coloradomarching.org/_files/ugd/83f67e_4b4eee9fd77445bea6bec595e4005414.pdf,2026-10-09T19:12:06
2026,DCMI Marching Festival,2026-10-03,Finals,Pine Creek HS,5A,lookup table,74.800,0.00,2026 Sanctioned Shows,DCMI Finals,https://www.coloradomarching.org/_files/ugd/83f67e_4b4eee9fd77445bea6bec595e4005414.pdf,2026-10-09T19:12:06
2026,DCMI Marching Festival,2026-10-03,Finals,Chatfield HS,5A,lookup table,72.300,0.00,2026 Sanctioned Shows,DCMI Finals,https://www.coloradomarching.org/_files/ugd/83f67e_4b4eee9fd77445bea6bec595e4005414.pdf,2026-10-09T19:12:06
2026,DCMI Marching Festival,2026-10-03,Finals,Castle View HS,5A,lookup table,68.425,0.00,2026 Sanctioned Shows,DCMI Finals,https://www.coloradomarching.org/_files/ugd/83f67e_4b4eee9fd77445bea6bec595e4005414.pdf,2026-10-09T19:12:06
2026,DCMI Marching Festival,2026-10-03,Finals,Legend HS,5A,lookup table,68.050,0.00,2026 Sanctioned Shows,DCMI Finals,https://www.coloradomarching.org/_files/ugd/83f67e_4b4eee9fd77445bea6bec595e4005414.pdf,2026-10-09T19:12:06
2026,DCMI Marching Festival,2026-10-03,Finals,D'Evelyn HS,3A,lookup table,67.700,0.00,2026 Sanctioned Shows,DCMI Finals,https://www.coloradomarching.org/_files/ugd/83f67e_4b4eee9fd77445bea6bec595e4005414.pdf,2026-10-09T19:12:06
2026,DCMI Marching Festival,2026-10-03,Finals,Liberty HS,4A,lookup table,65.100,0.00,2026 Sanctioned Shows,DCMI Finals,https://www.coloradomarching.org/_files/ugd/83f67e_4b4eee9fd77445bea6bec595e4005414.pdf,2026-10-09T19:12:06
2026,DCMI Marching Festival,2026-10-03,Finals,Smoky Hill HS,NC,lookup table,64.050,0.00,2026 Sanctioned Shows,DCMI Finals,https://www.coloradomarching.org/_files/ugd/83f67e_4b4eee9fd77445bea6bec595e4005414.pdf,2026-10-09T19:12:06
2026,DCMI Marching Festival,2026-10-03,Finals,Highlands Ranch HS,4A,lookup table,61.650,0.00,2026 Sanctioned Shows,DCMI Finals,https://www.coloradomarching.org/_files/ugd/83f67e_4b4eee9fd77445bea6bec595e4005414.pdf,2026-10-09T19:12:06
2026,DCMI Marching Festival,2026-10-03,Finals,Heritage HS,5A,lookup table,60.450,0.00,2026 Sanctioned Shows,DCMI Finals,https://www.coloradomarching.org/_files/ugd/83f67e_4b4eee9fd77445bea6bec595e4005414.pdf,2026-10-09T19:12:06
2026,DCMI Marching Festival,2026-10-03,Finals,Chaparral HS,5A,lookup table,57.000,0.40,2026 Sanctioned Shows,DCMI Finals,https://www.coloradomarching.org/_files/ugd/83f67e_4b4eee9fd77445bea6bec595e4005414.pdf,2026-10-09T19:12:06
