week_ending,school,last_known_score,event,event_date,rank_last_known
2026-09-19,Standley Lake HS,57.4,Legend Marching Festival,2026-09-19,1
2026-09-19,Evergreen HS,55.4,Legend Marching Festival,2026-09-19,2
2026-09-19,Green Mountain HS,53.65,Legend Marching Festival,2026-09-19,3
2026-09-19,Pueblo Central,48.6,Legend Marching Festival,2026-09-19,4
2026-09-26,Palisade HS,61.5,Colorado West Festival,2026-09-26,1
2026-09-26,D'Evelyn HS,58.25,Legacy Marching Festival,2026-09-26,2
2026-09-26,Standley Lake HS,57.4,Legend Marching Festival,2026-09-19,3
2026-09-26,Evergreen HS,55.4,Legend Marching Festival,2026-09-19,4
2026-09-26,Green Mountain HS,53.65,Legend Marching Festival,2026-09-19,5
2026-09-26,Harrison HS,53.3,Legacy Marching Festival,2026-09-26,6
2026-09-26,Pueblo Central,48.6,Legend Marching Festival,2026-09-19,7
2026-10-03,D'Evelyn HS,67.7,DCMI Marching Festival,2026-10-03,1
2026-10-03,Windsor HS,64.8,Lakewood Marching Festival,2026-10-03,2
2026-10-03,Evergreen HS,64.6,Lakewood Marching Festival,2026-10-03,3
2026-10-03,Standley Lake HS,63.95,Lakewood Marching Festival,2026-10-03,4
2026-10-03,Palisade HS,61.5,Colorado West Festival,2026-09-26,5
2026-10-03,Conifer HS,55.7,Lakewood Marching Festival,2026-10-03,6
2026-10-03,Green Mountain HS,53.65,Legend Marching Festival,2026-09-19,7
2026-10-03,Harrison HS,53.3,Legacy Marching Festival,2026-09-26,8
2026-10-03,Pueblo Central,48.6,Legend Marching Festival,2026-09-19,9
2026-10-10,D'Evelyn HS,67.7,DCMI Marching Festival,2026-10-03,1
2026-10-10,Windsor HS,64.8,Lakewood Marching Festival,2026-10-03,2
2026-10-10,Evergreen HS,64.6,Lakewood Marching Festival,2026-10-03,3
2026-10-10,Standley Lake HS,63.95,Lakewood Marching Festival,2026-10-03,4
2026-10-10,Palisade HS,61.5,Colorado West Festival,2026-09-26,5
2026-10-10,Conifer HS,55.7,Lakewood Marching Festival,2026-10-03,6
2026-10-10,Green Mountain HS,53.65,Legend Marching Festival,2026-09-19,7
2026-10-10,Harrison HS,53.3,Legacy Marching Festival,2026-09-26,8
2026-10-10,Pueblo Central,48.6,Legend Marching Festival,2026-09-19,9
